Na,gender,politics,group
1,1,2,2
1,1,2,2
1,1,2,2
1,1,2,2
1,1,2,2
1,1,2,2
1,1,2,2
1,1,2,2
1,1,2,2
1,1,2,2
1,1,2,2
1,1,2,2
1,1,2,2
1,1,2,2
1,1,2,2
1,1,2,2
1,1,2,2
1,1,2,2
1,1,2,2
1,1,2,2
1,1,2,2
1,1,2,2
1,1,2,2
1,1,2,2
1,1,2,2
1,1,2,2
1,1,2,2
1,1,2,2
1,1,2,2
1,1,2,2
1,1,2,2
1,1,2,2
1,1,2,2
1,1,2,2
1,1,2,2
1,1,2,2
1,1,2,2
2,1,2,2
2,1,2,2
2,1,2,2
2,1,2,2
2,1,2,2
2,1,2,2
2,1,2,2
2,1,2,2
2,1,2,2
2,1,2,2
2,1,2,2
2,1,2,2
2,1,2,2
2,1,2,2
2,1,2,2
2,1,2,2
2,1,2,2
2,1,2,2
2,1,2,2
2,1,2,2
2,1,2,2
2,1,2,2
2,1,2,2
2,1,2,2
2,1,2,2
2,1,2,2
2,1,2,2
2,1,2,2
3,1,2,2
3,1,2,2
3,1,2,2
3,1,2,2
3,1,2,2
3,1,2,2
3,1,2,2
3,1,2,2
3,1,2,2
3,1,2,2
3,1,2,2
3,1,2,2
3,1,2,2
3,1,2,2
3,1,2,2
3,1,2,2
3,1,2,2
3,1,2,2
3,1,2,2
3,1,2,2
3,1,2,2
3,1,2,2
3,1,2,2
3,1,2,2
3,1,2,2
3,1,2,2
3,1,2,2
3,1,2,2
3,1,2,2
4,1,2,2
4,1,2,2
4,1,2,2
4,1,2,2
4,1,2,2
4,1,2,2
4,1,2,2
4,1,2,2
4,1,2,2
4,1,2,2
4,1,2,2
4,1,2,2
4,1,2,2
4,1,2,2
4,1,2,2
4,1,2,2
4,1,2,2
4,1,2,2
4,1,2,2
4,1,2,2
4,1,2,2
4,1,2,2
4,1,2,2
4,1,2,2
4,1,2,2
4,1,2,2
4,1,2,2
4,1,2,2
4,1,2,2
4,1,2,2
4,1,2,2
4,1,2,2
4,1,2,2
4,1,2,2
4,1,2,2
4,1,2,2
4,1,2,2
4,1,2,2
4,1,2,2
4,1,2,2
4,1,2,2
5,1,2,2
5,1,2,2
5,1,2,2
5,1,2,2
5,1,2,2
5,1,2,2
5,1,2,2
5,1,2,2
5,1,2,2
5,1,2,2
5,1,2,2
5,1,2,2
5,1,2,2
5,1,2,2
5,1,2,2
5,1,2,2
5,1,2,2
5,1,2,2
5,1,2,2
5,1,2,2
5,1,2,2
5,1,2,2
5,1,2,2
5,1,2,2
5,1,2,2
5,1,2,2
5,1,2,2
5,1,2,2
5,1,2,2
5,1,2,2
5,1,2,2
5,1,2,2
5,1,2,2
5,1,2,2
5,1,2,2
5,1,2,2
5,1,2,2
5,1,2,2
5,1,2,2
5,1,2,2
5,1,2,2
5,1,2,2
5,1,2,2
5,1,2,2
5,1,2,2
5,1,2,2
5,1,2,2
5,1,2,2
6,1,1,1
6,1,1,1
6,1,1,1
6,1,1,1
6,1,1,1
6,1,1,1
6,1,1,1
6,1,1,1
6,1,1,1
6,1,1,1
6,1,1,1
6,1,1,1
6,1,1,1
6,1,1,1
6,1,1,1
6,1,1,1
6,1,1,1
6,1,1,1
6,1,1,1
6,1,1,1
6,1,1,1
6,1,1,1
6,1,1,1
6,1,1,1
6,1,1,1
6,1,1,1
6,1,1,1
6,1,1,1
6,1,1,1
6,1,1,1
6,1,1,1
6,1,1,1
6,1,1,1
6,1,1,1
6,1,1,1
6,1,1,1
6,1,1,1
6,1,1,1
6,1,1,1
6,1,1,1
6,1,1,1
7,1,2,2
7,1,2,2
7,1,2,2
7,1,2,2
7,1,2,2
7,1,2,2
7,1,2,2
7,1,2,2
7,1,2,2
7,1,2,2
7,1,2,2
7,1,2,2
7,1,2,2
7,1,2,2
7,1,2,2
7,1,2,2
7,1,2,2
7,1,2,2
7,1,2,2
7,1,2,2
7,1,2,2
7,1,2,2
7,1,2,2
7,1,2,2
7,1,2,2
7,1,2,2
7,1,2,2
7,1,2,2
7,1,2,2
7,1,2,2
7,1,2,2
7,1,2,2
7,1,2,2
7,1,2,2
7,1,2,2
7,1,2,2
7,1,2,2
7,1,2,2
7,1,2,2
7,1,2,2
7,1,2,2
8,1,2,2
8,1,2,2
8,1,2,2
8,1,2,2
8,1,2,2
8,1,2,2
8,1,2,2
8,1,2,2
8,1,2,2
8,1,2,2
8,1,2,2
8,1,2,2
8,1,2,2
8,1,2,2
8,1,2,2
8,1,2,2
8,1,2,2
8,1,2,2
8,1,2,2
8,1,2,2
8,1,2,2
8,1,2,2
8,1,2,2
8,1,2,2
8,1,2,2
8,1,2,2
8,1,2,2
8,1,2,2
8,1,2,2
8,1,2,2
8,1,2,2
8,1,2,2
8,1,2,2
8,1,2,2
8,1,2,2
8,1,2,2
8,1,2,2
8,1,2,2
8,1,2,2
8,1,2,2
8,1,2,2
8,1,2,2
8,1,2,2
8,1,2,2
9,1,2,2
9,1,2,2
9,1,2,2
9,1,2,2
9,1,2,2
9,1,2,2
9,1,2,2
9,1,2,2
9,1,2,2
9,1,2,2
9,1,2,2
9,1,2,2
9,1,2,2
9,1,2,2
9,1,2,2
9,1,2,2
9,1,2,2
9,1,2,2
9,1,2,2
9,1,2,2
9,1,2,2
9,1,2,2
9,1,2,2
9,1,2,2
9,1,2,2
9,1,2,2
9,1,2,2
9,1,2,2
9,1,2,2
9,1,2,2
9,1,2,2
9,1,2,2
9,1,2,2
9,1,2,2
9,1,2,2
9,1,2,2
9,1,2,2
9,1,2,2
9,1,2,2
9,1,2,2
9,1,2,2
9,1,2,2
9,1,2,2
9,1,2,2
9,1,2,2
9,1,2,2
10,1,2,2
10,1,2,2
10,1,2,2
10,1,2,2
10,1,2,2
10,1,2,2
10,1,2,2
10,1,2,2
10,1,2,2
10,1,2,2
10,1,2,2
10,1,2,2
10,1,2,2
10,1,2,2
10,1,2,2
10,1,2,2
10,1,2,2
10,1,2,2
10,1,2,2
10,1,2,2
10,1,2,2
10,1,2,2
10,1,2,2
10,1,2,2
10,1,2,2
10,1,2,2
10,1,2,2
10,1,2,2
10,1,2,2
10,1,2,2
10,1,2,2
10,1,2,2
10,1,2,2
10,1,2,2
10,1,2,2
10,1,2,2
10,1,2,2
10,1,2,2
10,1,2,2
10,1,2,2
10,1,2,2
10,1,2,2
10,1,2,2
10,1,2,2
10,1,2,2
10,1,2,2
10,1,2,2
10,1,2,2
10,1,2,2
10,1,2,2
10,1,2,2
10,1,2,2
10,1,2,2
10,1,2,2
10,1,2,2
10,1,2,2
10,1,2,2
11,2,1,3
11,2,1,3
11,2,1,3
11,2,1,3
11,2,1,3
11,2,1,3
11,2,1,3
11,2,1,3
11,2,1,3
11,2,1,3
11,2,1,3
11,2,1,3
11,2,1,3
11,2,1,3
11,2,1,3
11,2,1,3
11,2,1,3
11,2,1,3
11,2,1,3
11,2,1,3
11,2,1,3
11,2,1,3
11,2,1,3
11,2,1,3
11,2,1,3
11,2,1,3
12,2,1,3
12,2,1,3
12,2,1,3
12,2,1,3
12,2,1,3
12,2,1,3
12,2,1,3
12,2,1,3
12,2,1,3
12,2,1,3
12,2,1,3
12,2,1,3
12,2,1,3
12,2,1,3
12,2,1,3
12,2,1,3
12,2,1,3
12,2,1,3
12,2,1,3
12,2,1,3
12,2,1,3
12,2,1,3
12,2,1,3
12,2,1,3
13,1,1,1
13,1,1,1
13,1,1,1
13,1,1,1
13,1,1,1
13,1,1,1
13,1,1,1
13,1,1,1
13,1,1,1
13,1,1,1
13,1,1,1
13,1,1,1
13,1,1,1
13,1,1,1
13,1,1,1
13,1,1,1
13,1,1,1
13,1,1,1
13,1,1,1
13,1,1,1
13,1,1,1
13,1,1,1
13,1,1,1
13,1,1,1
13,1,1,1
13,1,1,1
13,1,1,1
13,1,1,1
13,1,1,1
13,1,1,1
13,1,1,1
13,1,1,1
13,1,1,1
13,1,1,1
13,1,1,1
13,1,1,1
13,1,1,1
13,1,1,1
13,1,1,1
13,1,1,1
13,1,1,1
13,1,1,1
13,1,1,1
13,1,1,1
13,1,1,1
13,1,1,1
13,1,1,1
13,1,1,1
14,1,2,2
14,1,2,2
14,1,2,2
14,1,2,2
14,1,2,2
14,1,2,2
14,1,2,2
14,1,2,2
14,1,2,2
14,1,2,2
14,1,2,2
14,1,2,2
14,1,2,2
14,1,2,2
14,1,2,2
14,1,2,2
14,1,2,2
14,1,2,2
15,2,1,3
15,2,1,3
15,2,1,3
15,2,1,3
15,2,1,3
15,2,1,3
15,2,1,3
15,2,1,3
15,2,1,3
15,2,1,3
15,2,1,3
15,2,1,3
15,2,1,3
15,2,1,3
15,2,1,3
15,2,1,3
15,2,1,3
15,2,1,3
15,2,1,3
15,2,1,3
15,2,1,3
15,2,1,3
15,2,1,3
15,2,1,3
15,2,1,3
15,2,1,3
16,2,1,3
16,2,1,3
16,2,1,3
16,2,1,3
16,2,1,3
16,2,1,3
16,2,1,3
16,2,1,3
16,2,1,3
16,2,1,3
16,2,1,3
16,2,1,3
16,2,1,3
16,2,1,3
16,2,1,3
16,2,1,3
16,2,1,3
16,2,1,3
16,2,1,3
16,2,1,3
16,2,1,3
16,2,1,3
16,2,1,3
16,2,1,3
16,2,1,3
16,2,1,3
16,2,1,3
16,2,1,3
16,2,1,3
16,2,1,3
16,2,1,3
16,2,1,3
16,2,1,3
16,2,1,3
16,2,1,3
16,2,1,3
16,2,1,3
16,2,1,3
16,2,1,3
16,2,1,3
16,2,1,3
16,2,1,3
16,2,1,3
16,2,1,3
16,2,1,3
16,2,1,3
16,2,1,3
16,2,1,3
16,2,1,3
16,2,1,3
16,2,1,3
16,2,1,3
16,2,1,3
16,2,1,3
17,2,1,3
17,2,1,3
17,2,1,3
17,2,1,3
17,2,1,3
17,2,1,3
17,2,1,3
17,2,1,3
17,2,1,3
17,2,1,3
17,2,1,3
17,2,1,3
17,2,1,3
17,2,1,3
17,2,1,3
17,2,1,3
17,2,1,3
17,2,1,3
17,2,1,3
17,2,1,3
17,2,1,3
17,2,1,3
17,2,1,3
17,2,1,3
17,2,1,3
17,2,1,3
17,2,1,3
17,2,1,3
17,2,1,3
17,2,1,3
17,2,1,3
17,2,1,3
17,2,1,3
17,2,1,3
17,2,1,3
17,2,1,3
17,2,1,3
17,2,1,3
17,2,1,3
17,2,1,3
17,2,1,3
17,2,1,3
17,2,1,3
17,2,1,3
17,2,1,3
17,2,1,3
17,2,1,3
17,2,1,3
17,2,1,3
17,2,1,3
17,2,1,3
17,2,1,3
17,2,1,3
17,2,1,3
17,2,1,3
17,2,1,3
17,2,1,3
17,2,1,3
17,2,1,3
17,2,1,3
17,2,1,3
17,2,1,3
17,2,1,3
17,2,1,3
17,2,1,3
17,2,1,3
17,2,1,3
17,2,1,3
17,2,1,3
17,2,1,3
17,2,1,3
17,2,1,3
17,2,1,3
17,2,1,3
17,2,1,3
17,2,1,3
17,2,1,3
17,2,1,3
17,2,1,3
18,2,1,3
18,2,1,3
18,2,1,3
18,2,1,3
18,2,1,3
18,2,1,3
18,2,1,3
18,2,1,3
18,2,1,3
18,2,1,3
18,2,1,3
18,2,1,3
18,2,1,3
18,2,1,3
18,2,1,3
18,2,1,3
18,2,1,3
18,2,1,3
18,2,1,3
18,2,1,3
18,2,1,3
18,2,1,3
18,2,1,3
18,2,1,3
18,2,1,3
18,2,1,3
18,2,1,3
18,2,1,3
18,2,1,3
18,2,1,3
18,2,1,3
18,2,1,3
18,2,1,3
18,2,1,3
18,2,1,3
18,2,1,3
18,2,1,3
18,2,1,3
18,2,1,3
18,2,1,3
18,2,1,3
18,2,1,3
18,2,1,3
18,2,1,3
18,2,1,3
18,2,1,3
18,2,1,3
18,2,1,3
18,2,1,3
18,2,1,3
18,2,1,3
18,2,1,3
18,2,1,3
18,2,1,3
18,2,1,3
18,2,1,3
18,2,1,3
18,2,1,3
18,2,1,3
19,2,1,3
19,2,1,3
19,2,1,3
19,2,1,3
19,2,1,3
19,2,1,3
19,2,1,3
19,2,1,3
19,2,1,3
19,2,1,3
19,2,1,3
19,2,1,3
19,2,1,3
19,2,1,3
19,2,1,3
19,2,1,3
19,2,1,3
19,2,1,3
19,2,1,3
19,2,1,3
19,2,1,3
19,2,1,3
19,2,1,3
19,2,1,3
19,2,1,3
19,2,1,3
19,2,1,3
19,2,1,3
19,2,1,3
19,2,1,3
19,2,1,3
19,2,1,3
19,2,1,3
19,2,1,3
19,2,1,3
19,2,1,3
19,2,1,3
19,2,1,3
19,2,1,3
19,2,1,3
19,2,1,3
19,2,1,3
20,2,1,3
20,2,1,3
20,2,1,3
20,2,1,3
20,2,1,3
20,2,1,3
20,2,1,3
20,2,1,3
20,2,1,3
20,2,1,3
20,2,1,3
20,2,1,3
20,2,1,3
20,2,1,3
20,2,1,3
20,2,1,3
20,2,1,3
20,2,1,3
20,2,1,3
20,2,1,3
20,2,1,3
20,2,1,3
20,2,1,3
20,2,1,3
20,2,1,3
20,2,1,3
20,2,1,3
20,2,1,3
20,2,1,3
20,2,1,3
20,2,1,3
20,2,1,3
20,2,1,3
20,2,1,3
20,2,1,3
20,2,1,3
20,2,1,3
20,2,1,3
20,2,1,3
20,2,1,3
20,2,1,3
20,2,1,3
20,2,1,3
20,2,1,3
20,2,1,3
20,2,1,3
20,2,1,3
20,2,1,3
20,2,1,3
20,2,1,3
20,2,1,3
20,2,1,3
20,2,1,3
21,2,1,3
21,2,1,3
21,2,1,3
21,2,1,3
21,2,1,3
21,2,1,3
21,2,1,3
21,2,1,3
21,2,1,3
21,2,1,3
21,2,1,3
21,2,1,3
21,2,1,3
21,2,1,3
21,2,1,3
21,2,1,3
21,2,1,3
21,2,1,3
21,2,1,3
21,2,1,3
21,2,1,3
21,2,1,3
21,2,1,3
21,2,1,3
21,2,1,3
21,2,1,3
21,2,1,3
21,2,1,3
21,2,1,3
21,2,1,3
21,2,1,3
21,2,1,3
21,2,1,3
21,2,1,3
21,2,1,3
21,2,1,3
21,2,1,3
21,2,1,3
21,2,1,3
21,2,1,3
21,2,1,3
21,2,1,3
22,2,2,4
22,2,2,4
22,2,2,4
22,2,2,4
22,2,2,4
22,2,2,4
22,2,2,4
22,2,2,4
22,2,2,4
22,2,2,4
22,2,2,4
22,2,2,4
22,2,2,4
22,2,2,4
22,2,2,4
22,2,2,4
22,2,2,4
22,2,2,4
22,2,2,4
22,2,2,4
22,2,2,4
22,2,2,4
22,2,2,4
23,2,2,4
23,2,2,4
23,2,2,4
23,2,2,4
23,2,2,4
23,2,2,4
23,2,2,4
23,2,2,4
23,2,2,4
23,2,2,4
24,2,1,3
24,2,1,3
24,2,1,3
24,2,1,3
24,2,1,3
24,2,1,3
24,2,1,3
24,2,1,3
24,2,1,3
24,2,1,3
24,2,1,3
24,2,1,3
24,2,1,3
24,2,1,3
24,2,1,3
24,2,1,3
24,2,1,3
24,2,1,3
24,2,1,3
24,2,1,3
24,2,1,3
24,2,1,3
24,2,1,3
24,2,1,3
24,2,1,3
24,2,1,3
24,2,1,3
24,2,1,3
25,2,1,3
25,2,1,3
25,2,1,3
25,2,1,3
25,2,1,3
25,2,1,3
26,2,1,3
26,2,1,3
26,2,1,3
26,2,1,3
26,2,1,3
26,2,1,3
26,2,1,3
26,2,1,3
26,2,1,3
26,2,1,3
26,2,1,3
26,2,1,3
26,2,1,3
26,2,1,3
26,2,1,3
26,2,1,3
27,2,2,4
27,2,2,4
27,2,2,4
27,2,2,4
27,2,2,4
27,2,2,4
27,2,2,4
27,2,2,4
27,2,2,4
27,2,2,4
27,2,2,4
27,2,2,4
27,2,2,4
27,2,2,4
27,2,2,4
27,2,2,4
27,2,2,4
27,2,2,4
27,2,2,4
27,2,2,4
27,2,2,4
27,2,2,4
27,2,2,4
27,2,2,4
27,2,2,4
27,2,2,4
27,2,2,4
27,2,2,4
27,2,2,4
27,2,2,4
27,2,2,4
27,2,2,4
27,2,2,4
27,2,2,4
27,2,2,4
27,2,2,4
27,2,2,4
27,2,2,4
27,2,2,4
27,2,2,4
28,1,1,1
28,1,1,1
28,1,1,1
28,1,1,1
28,1,1,1
28,1,1,1
28,1,1,1
28,1,1,1
28,1,1,1
28,1,1,1
28,1,1,1
28,1,1,1
28,1,1,1
28,1,1,1
28,1,1,1
28,1,1,1
28,1,1,1
28,1,1,1
28,1,1,1
28,1,1,1
28,1,1,1
28,1,1,1
28,1,1,1
28,1,1,1
28,1,1,1
28,1,1,1
29,2,1,3
29,2,1,3
29,2,1,3
29,2,1,3
29,2,1,3
29,2,1,3
29,2,1,3
29,2,1,3
29,2,1,3
29,2,1,3
29,2,1,3
29,2,1,3
29,2,1,3
29,2,1,3
29,2,1,3
29,2,1,3
29,2,1,3
29,2,1,3
30,1,2,2
30,1,2,2
30,1,2,2
30,1,2,2
30,1,2,2
30,1,2,2
30,1,2,2
30,1,2,2
30,1,2,2
30,1,2,2
30,1,2,2
30,1,2,2
30,1,2,2
30,1,2,2
31,2,2,4
31,2,2,4
31,2,2,4
31,2,2,4
31,2,2,4
31,2,2,4
31,2,2,4
31,2,2,4
31,2,2,4
31,2,2,4
31,2,2,4
31,2,2,4
31,2,2,4
31,2,2,4
31,2,2,4
31,2,2,4
31,2,2,4
31,2,2,4
31,2,2,4
31,2,2,4
31,2,2,4
31,2,2,4
31,2,2,4
31,2,2,4
31,2,2,4
31,2,2,4
31,2,2,4
31,2,2,4
31,2,2,4
31,2,2,4
31,2,2,4
31,2,2,4
31,2,2,4
31,2,2,4
31,2,2,4
31,2,2,4
32,2,2,4
32,2,2,4
32,2,2,4
32,2,2,4
32,2,2,4
32,2,2,4
32,2,2,4
32,2,2,4
32,2,2,4
32,2,2,4
32,2,2,4
32,2,2,4
32,2,2,4
32,2,2,4
32,2,2,4
32,2,2,4
32,2,2,4
32,2,2,4
32,2,2,4
32,2,2,4
32,2,2,4
32,2,2,4
32,2,2,4
32,2,2,4
32,2,2,4
32,2,2,4
32,2,2,4
32,2,2,4
32,2,2,4
32,2,2,4
32,2,2,4
32,2,2,4
32,2,2,4
32,2,2,4
32,2,2,4
32,2,2,4
32,2,2,4
32,2,2,4
32,2,2,4
33,1,1,1
33,1,1,1
33,1,1,1
33,1,1,1
33,1,1,1
33,1,1,1
33,1,1,1
33,1,1,1
33,1,1,1
33,1,1,1
33,1,1,1
33,1,1,1
33,1,1,1
33,1,1,1
33,1,1,1
33,1,1,1
33,1,1,1
33,1,1,1
33,1,1,1
33,1,1,1
33,1,1,1
33,1,1,1
33,1,1,1
33,1,1,1
33,1,1,1
34,2,1,3
34,2,1,3
34,2,1,3
34,2,1,3
34,2,1,3
34,2,1,3
34,2,1,3
34,2,1,3
34,2,1,3
34,2,1,3
34,2,1,3
34,2,1,3
34,2,1,3
34,2,1,3
34,2,1,3
34,2,1,3
34,2,1,3
34,2,1,3
34,2,1,3
34,2,1,3
34,2,1,3
34,2,1,3
34,2,1,3
34,2,1,3
34,2,1,3
34,2,1,3
34,2,1,3
34,2,1,3
34,2,1,3
34,2,1,3
34,2,1,3
34,2,1,3
34,2,1,3
34,2,1,3
34,2,1,3
34,2,1,3
34,2,1,3
34,2,1,3
34,2,1,3
34,2,1,3
34,2,1,3
34,2,1,3
34,2,1,3
34,2,1,3
34,2,1,3
34,2,1,3
34,2,1,3
34,2,1,3
34,2,1,3
34,2,1,3
34,2,1,3
34,2,1,3
34,2,1,3
34,2,1,3
34,2,1,3
34,2,1,3
35,2,2,4
35,2,2,4
35,2,2,4
35,2,2,4
35,2,2,4
35,2,2,4
35,2,2,4
35,2,2,4
35,2,2,4
35,2,2,4
35,2,2,4
35,2,2,4
35,2,2,4
35,2,2,4
35,2,2,4
35,2,2,4
35,2,2,4
35,2,2,4
35,2,2,4
35,2,2,4
35,2,2,4
35,2,2,4
35,2,2,4
35,2,2,4
35,2,2,4
35,2,2,4
35,2,2,4
35,2,2,4
35,2,2,4
35,2,2,4
35,2,2,4
35,2,2,4
35,2,2,4
35,2,2,4
35,2,2,4
35,2,2,4
35,2,2,4
35,2,2,4
35,2,2,4
35,2,2,4
35,2,2,4
35,2,2,4
35,2,2,4
35,2,2,4
35,2,2,4
35,2,2,4
35,2,2,4
35,2,2,4
35,2,2,4
35,2,2,4
35,2,2,4
35,2,2,4
35,2,2,4
35,2,2,4
35,2,2,4
35,2,2,4
35,2,2,4
35,2,2,4
35,2,2,4
35,2,2,4
35,2,2,4
35,2,2,4
35,2,2,4
35,2,2,4
35,2,2,4
35,2,2,4
35,2,2,4
35,2,2,4
35,2,2,4
35,2,2,4
35,2,2,4
35,2,2,4
36,2,1,3
36,2,1,3
36,2,1,3
36,2,1,3
36,2,1,3
36,2,1,3
36,2,1,3
36,2,1,3
36,2,1,3
36,2,1,3
36,2,1,3
36,2,1,3
36,2,1,3
36,2,1,3
36,2,1,3
36,2,1,3
36,2,1,3
36,2,1,3
36,2,1,3
36,2,1,3
36,2,1,3
36,2,1,3
36,2,1,3
36,2,1,3
36,2,1,3
36,2,1,3
36,2,1,3
36,2,1,3
36,2,1,3
36,2,1,3
37,1,2,2
37,1,2,2
37,1,2,2
37,1,2,2
37,1,2,2
37,1,2,2
37,1,2,2
37,1,2,2
37,1,2,2
37,1,2,2
37,1,2,2
37,1,2,2
37,1,2,2
37,1,2,2
37,1,2,2
37,1,2,2
37,1,2,2
37,1,2,2
37,1,2,2
37,1,2,2
37,1,2,2
37,1,2,2
37,1,2,2
37,1,2,2
37,1,2,2
37,1,2,2
37,1,2,2
37,1,2,2
37,1,2,2
37,1,2,2
37,1,2,2
37,1,2,2
37,1,2,2
37,1,2,2
37,1,2,2
37,1,2,2
37,1,2,2
37,1,2,2
37,1,2,2
37,1,2,2
37,1,2,2
37,1,2,2
37,1,2,2
37,1,2,2
37,1,2,2
37,1,2,2
37,1,2,2
37,1,2,2
37,1,2,2
38,1,2,2
38,1,2,2
38,1,2,2
38,1,2,2
38,1,2,2
38,1,2,2
38,1,2,2
38,1,2,2
38,1,2,2
38,1,2,2
38,1,2,2
38,1,2,2
38,1,2,2
38,1,2,2
38,1,2,2
38,1,2,2
38,1,2,2
38,1,2,2
38,1,2,2
38,1,2,2
38,1,2,2
38,1,2,2
38,1,2,2
38,1,2,2
38,1,2,2
38,1,2,2
38,1,2,2
38,1,2,2
38,1,2,2
38,1,2,2
39,2,2,4
39,2,2,4
39,2,2,4
39,2,2,4
39,2,2,4
39,2,2,4
39,2,2,4
39,2,2,4
39,2,2,4
39,2,2,4
39,2,2,4
39,2,2,4
39,2,2,4
39,2,2,4
39,2,2,4
39,2,2,4
39,2,2,4
39,2,2,4
39,2,2,4
39,2,2,4
39,2,2,4
39,2,2,4
39,2,2,4
39,2,2,4
39,2,2,4
39,2,2,4
39,2,2,4
39,2,2,4
39,2,2,4
39,2,2,4
39,2,2,4
39,2,2,4
39,2,2,4
39,2,2,4
39,2,2,4
39,2,2,4
40,2,2,4
40,2,2,4
40,2,2,4
40,2,2,4
40,2,2,4
40,2,2,4
40,2,2,4
40,2,2,4
40,2,2,4
40,2,2,4
40,2,2,4
40,2,2,4
40,2,2,4
40,2,2,4
40,2,2,4
40,2,2,4
40,2,2,4
40,2,2,4
40,2,2,4
40,2,2,4
40,2,2,4
40,2,2,4
40,2,2,4
40,2,2,4
40,2,2,4
40,2,2,4
40,2,2,4
40,2,2,4
40,2,2,4
40,2,2,4
40,2,2,4
40,2,2,4
40,2,2,4
40,2,2,4
40,2,2,4
40,2,2,4
40,2,2,4
40,2,2,4
41,2,2,4
41,2,2,4
41,2,2,4
41,2,2,4
41,2,2,4
41,2,2,4
41,2,2,4
41,2,2,4
41,2,2,4
41,2,2,4
41,2,2,4
41,2,2,4
41,2,2,4
41,2,2,4
41,2,2,4
42,1,1,1
42,1,1,1
42,1,1,1
42,1,1,1
42,1,1,1
42,1,1,1
42,1,1,1
42,1,1,1
42,1,1,1
42,1,1,1
42,1,1,1
42,1,1,1
42,1,1,1
42,1,1,1
42,1,1,1
42,1,1,1
42,1,1,1
42,1,1,1
42,1,1,1
42,1,1,1
42,1,1,1
42,1,1,1
42,1,1,1
42,1,1,1
42,1,1,1
42,1,1,1
42,1,1,1
42,1,1,1
42,1,1,1
42,1,1,1
42,1,1,1
42,1,1,1
42,1,1,1
42,1,1,1
42,1,1,1
42,1,1,1
42,1,1,1
42,1,1,1
42,1,1,1
42,1,1,1
42,1,1,1
42,1,1,1
42,1,1,1
42,1,1,1
42,1,1,1
42,1,1,1
42,1,1,1
42,1,1,1
42,1,1,1
42,1,1,1
42,1,1,1
42,1,1,1
42,1,1,1
42,1,1,1
42,1,1,1
42,1,1,1
42,1,1,1
42,1,1,1
42,1,1,1
42,1,1,1
42,1,1,1
42,1,1,1
42,1,1,1
42,1,1,1
42,1,1,1
42,1,1,1
42,1,1,1
42,1,1,1
42,1,1,1
42,1,1,1
42,1,1,1
42,1,1,1
42,1,1,1
42,1,1,1
42,1,1,1
42,1,1,1
42,1,1,1
42,1,1,1
42,1,1,1
42,1,1,1
42,1,1,1
42,1,1,1
42,1,1,1
42,1,1,1
42,1,1,1
42,1,1,1
42,1,1,1
42,1,1,1
42,1,1,1
42,1,1,1
42,1,1,1
43,1,2,2
43,1,2,2
43,1,2,2
43,1,2,2
43,1,2,2
43,1,2,2
43,1,2,2
43,1,2,2
43,1,2,2
43,1,2,2
43,1,2,2
43,1,2,2
43,1,2,2
43,1,2,2
43,1,2,2
43,1,2,2
43,1,2,2
43,1,2,2
43,1,2,2
43,1,2,2
43,1,2,2
43,1,2,2
43,1,2,2
43,1,2,2
43,1,2,2
43,1,2,2
43,1,2,2
43,1,2,2
43,1,2,2
43,1,2,2
43,1,2,2
43,1,2,2
43,1,2,2
43,1,2,2
43,1,2,2
43,1,2,2
43,1,2,2
43,1,2,2
43,1,2,2
43,1,2,2
43,1,2,2
43,1,2,2
43,1,2,2
43,1,2,2
43,1,2,2
44,1,2,2
44,1,2,2
44,1,2,2
44,1,2,2
44,1,2,2
44,1,2,2
44,1,2,2
44,1,2,2
44,1,2,2
44,1,2,2
44,1,2,2
44,1,2,2
44,1,2,2
44,1,2,2
44,1,2,2
44,1,2,2
44,1,2,2
44,1,2,2
44,1,2,2
44,1,2,2
44,1,2,2
44,1,2,2
44,1,2,2
44,1,2,2
44,1,2,2
44,1,2,2
44,1,2,2
44,1,2,2
44,1,2,2
44,1,2,2
44,1,2,2
44,1,2,2
44,1,2,2
44,1,2,2
44,1,2,2
44,1,2,2
44,1,2,2
44,1,2,2
44,1,2,2
44,1,2,2
44,1,2,2
44,1,2,2
44,1,2,2
44,1,2,2
44,1,2,2
44,1,2,2
44,1,2,2
44,1,2,2
44,1,2,2
44,1,2,2
44,1,2,2
44,1,2,2
44,1,2,2
44,1,2,2
44,1,2,2
44,1,2,2
44,1,2,2
44,1,2,2
44,1,2,2
44,1,2,2
44,1,2,2
44,1,2,2
44,1,2,2
44,1,2,2
44,1,2,2
44,1,2,2
44,1,2,2
44,1,2,2
44,1,2,2
44,1,2,2
44,1,2,2
44,1,2,2
45,1,2,2
45,1,2,2
45,1,2,2
45,1,2,2
45,1,2,2
45,1,2,2
45,1,2,2
45,1,2,2
45,1,2,2
45,1,2,2
45,1,2,2
46,1,1,1
46,1,1,1
46,1,1,1
46,1,1,1
46,1,1,1
46,1,1,1
46,1,1,1
46,1,1,1
46,1,1,1
46,1,1,1
46,1,1,1
46,1,1,1
46,1,1,1
46,1,1,1
46,1,1,1
46,1,1,1
46,1,1,1
46,1,1,1
46,1,1,1
46,1,1,1
46,1,1,1
46,1,1,1
46,1,1,1
46,1,1,1
46,1,1,1
46,1,1,1
46,1,1,1
46,1,1,1
46,1,1,1
46,1,1,1
46,1,1,1
46,1,1,1
46,1,1,1
46,1,1,1
46,1,1,1
46,1,1,1
46,1,1,1
46,1,1,1
46,1,1,1
46,1,1,1
47,1,1,1
47,1,1,1
47,1,1,1
47,1,1,1
47,1,1,1
47,1,1,1
47,1,1,1
47,1,1,1
47,1,1,1
47,1,1,1
47,1,1,1
47,1,1,1
47,1,1,1
47,1,1,1
47,1,1,1
47,1,1,1
47,1,1,1
47,1,1,1
47,1,1,1
47,1,1,1
47,1,1,1
47,1,1,1
47,1,1,1
47,1,1,1
47,1,1,1
47,1,1,1
47,1,1,1
47,1,1,1
47,1,1,1
47,1,1,1
47,1,1,1
47,1,1,1
47,1,1,1
47,1,1,1
47,1,1,1
47,1,1,1
47,1,1,1
47,1,1,1
47,1,1,1
47,1,1,1
47,1,1,1
47,1,1,1
47,1,1,1
47,1,1,1
47,1,1,1
47,1,1,1
47,1,1,1
47,1,1,1
47,1,1,1
47,1,1,1
47,1,1,1
47,1,1,1
47,1,1,1
47,1,1,1
47,1,1,1
47,1,1,1
47,1,1,1
47,1,1,1
47,1,1,1
47,1,1,1
47,1,1,1
47,1,1,1
47,1,1,1
47,1,1,1
47,1,1,1
47,1,1,1
47,1,1,1
47,1,1,1
47,1,1,1
47,1,1,1
47,1,1,1
47,1,1,1
47,1,1,1
48,1,1,1
48,1,1,1
48,1,1,1
48,1,1,1
48,1,1,1
48,1,1,1
48,1,1,1
48,1,1,1
48,1,1,1
48,1,1,1
48,1,1,1
48,1,1,1
48,1,1,1
48,1,1,1
48,1,1,1
48,1,1,1
48,1,1,1
48,1,1,1
48,1,1,1
48,1,1,1
48,1,1,1
48,1,1,1
48,1,1,1
48,1,1,1
48,1,1,1
48,1,1,1
48,1,1,1
48,1,1,1
48,1,1,1
48,1,1,1
48,1,1,1
48,1,1,1
48,1,1,1
48,1,1,1
48,1,1,1
48,1,1,1
48,1,1,1
48,1,1,1
48,1,1,1
48,1,1,1
48,1,1,1
48,1,1,1
48,1,1,1
48,1,1,1
48,1,1,1
48,1,1,1
48,1,1,1
48,1,1,1
48,1,1,1
48,1,1,1
48,1,1,1
48,1,1,1
48,1,1,1
48,1,1,1
48,1,1,1
48,1,1,1
48,1,1,1
48,1,1,1
48,1,1,1
48,1,1,1
48,1,1,1
48,1,1,1
48,1,1,1
48,1,1,1
48,1,1,1
48,1,1,1
48,1,1,1
48,1,1,1
48,1,1,1
48,1,1,1
48,1,1,1
48,1,1,1
48,1,1,1
48,1,1,1
48,1,1,1
49,2,1,3
49,2,1,3
49,2,1,3
49,2,1,3
49,2,1,3
49,2,1,3
49,2,1,3
49,2,1,3
49,2,1,3
49,2,1,3
49,2,1,3
49,2,1,3
49,2,1,3
49,2,1,3
49,2,1,3
49,2,1,3
49,2,1,3
49,2,1,3
49,2,1,3
49,2,1,3
49,2,1,3
49,2,1,3
49,2,1,3
49,2,1,3
49,2,1,3
49,2,1,3
49,2,1,3
49,2,1,3
49,2,1,3
49,2,1,3
49,2,1,3
49,2,1,3
49,2,1,3
49,2,1,3
49,2,1,3
49,2,1,3
49,2,1,3
49,2,1,3
49,2,1,3
49,2,1,3
49,2,1,3
49,2,1,3
49,2,1,3
50,2,1,3
50,2,1,3
50,2,1,3
50,2,1,3
50,2,1,3
50,2,1,3
50,2,1,3
50,2,1,3
50,2,1,3
50,2,1,3
50,2,1,3
50,2,1,3
50,2,1,3
50,2,1,3
50,2,1,3
50,2,1,3
50,2,1,3
50,2,1,3
50,2,1,3
50,2,1,3
50,2,1,3
50,2,1,3
50,2,1,3
50,2,1,3
50,2,1,3
50,2,1,3
50,2,1,3
50,2,1,3
50,2,1,3
50,2,1,3
50,2,1,3
50,2,1,3
50,2,1,3
50,2,1,3
50,2,1,3
50,2,1,3
50,2,1,3
50,2,1,3
50,2,1,3
50,2,1,3
50,2,1,3
50,2,1,3
50,2,1,3
50,2,1,3
50,2,1,3
50,2,1,3
50,2,1,3
50,2,1,3
50,2,1,3
50,2,1,3
50,2,1,3
50,2,1,3
50,2,1,3
50,2,1,3
51,2,2,4
51,2,2,4
51,2,2,4
51,2,2,4
51,2,2,4
51,2,2,4
51,2,2,4
51,2,2,4
51,2,2,4
51,2,2,4
51,2,2,4
51,2,2,4
51,2,2,4
51,2,2,4
51,2,2,4
51,2,2,4
51,2,2,4
51,2,2,4
51,2,2,4
51,2,2,4
51,2,2,4
51,2,2,4
51,2,2,4
51,2,2,4
51,2,2,4
51,2,2,4
51,2,2,4
51,2,2,4
51,2,2,4
51,2,2,4
51,2,2,4
51,2,2,4
51,2,2,4
51,2,2,4
51,2,2,4
51,2,2,4
51,2,2,4
51,2,2,4
51,2,2,4
51,2,2,4
51,2,2,4
51,2,2,4
52,2,2,4
52,2,2,4
52,2,2,4
52,2,2,4
52,2,2,4
52,2,2,4
52,2,2,4
52,2,2,4
52,2,2,4
52,2,2,4
52,2,2,4
52,2,2,4
52,2,2,4
52,2,2,4
52,2,2,4
52,2,2,4
52,2,2,4
52,2,2,4
53,2,2,4
53,2,2,4
53,2,2,4
53,2,2,4
53,2,2,4
53,2,2,4
53,2,2,4
53,2,2,4
53,2,2,4
53,2,2,4
53,2,2,4
53,2,2,4
53,2,2,4
53,2,2,4
53,2,2,4
53,2,2,4
53,2,2,4
53,2,2,4
53,2,2,4
53,2,2,4
53,2,2,4
53,2,2,4
53,2,2,4
54,1,2,2
54,1,2,2
54,1,2,2
54,1,2,2
54,1,2,2
54,1,2,2
54,1,2,2
54,1,2,2
54,1,2,2
54,1,2,2
54,1,2,2
54,1,2,2
54,1,2,2
54,1,2,2
54,1,2,2
54,1,2,2
54,1,2,2
54,1,2,2
54,1,2,2
54,1,2,2
54,1,2,2
54,1,2,2
54,1,2,2
54,1,2,2
54,1,2,2
54,1,2,2
54,1,2,2
54,1,2,2
54,1,2,2
54,1,2,2
54,1,2,2
54,1,2,2
54,1,2,2
54,1,2,2
54,1,2,2
54,1,2,2
54,1,2,2
54,1,2,2
54,1,2,2
54,1,2,2
54,1,2,2
54,1,2,2
54,1,2,2
54,1,2,2
54,1,2,2
54,1,2,2
54,1,2,2
54,1,2,2
54,1,2,2
55,1,2,2
55,1,2,2
55,1,2,2
55,1,2,2
55,1,2,2
55,1,2,2
55,1,2,2
55,1,2,2
55,1,2,2
55,1,2,2
55,1,2,2
55,1,2,2
55,1,2,2
55,1,2,2
55,1,2,2
55,1,2,2
55,1,2,2
55,1,2,2
55,1,2,2
55,1,2,2
55,1,2,2
55,1,2,2
55,1,2,2
55,1,2,2
55,1,2,2
55,1,2,2
55,1,2,2
55,1,2,2
55,1,2,2
56,1,2,2
56,1,2,2
56,1,2,2
56,1,2,2
56,1,2,2
56,1,2,2
56,1,2,2
56,1,2,2
56,1,2,2
56,1,2,2
56,1,2,2
56,1,2,2
56,1,2,2
56,1,2,2
56,1,2,2
56,1,2,2
56,1,2,2
56,1,2,2
56,1,2,2
56,1,2,2
56,1,2,2
56,1,2,2
56,1,2,2
56,1,2,2
56,1,2,2
56,1,2,2
56,1,2,2
56,1,2,2
56,1,2,2
56,1,2,2
57,1,1,1
57,1,1,1
57,1,1,1
57,1,1,1
57,1,1,1
57,1,1,1
57,1,1,1
57,1,1,1
57,1,1,1
57,1,1,1
57,1,1,1
57,1,1,1
57,1,1,1
57,1,1,1
57,1,1,1
57,1,1,1
57,1,1,1
57,1,1,1
57,1,1,1
57,1,1,1
57,1,1,1
57,1,1,1
57,1,1,1
57,1,1,1
57,1,1,1
57,1,1,1
58,2,2,4
58,2,2,4
58,2,2,4
58,2,2,4
58,2,2,4
58,2,2,4
58,2,2,4
58,2,2,4
58,2,2,4
58,2,2,4
58,2,2,4
58,2,2,4
58,2,2,4
58,2,2,4
58,2,2,4
58,2,2,4
58,2,2,4
58,2,2,4
58,2,2,4
58,2,2,4
58,2,2,4
58,2,2,4
58,2,2,4
58,2,2,4
59,2,1,3
59,2,1,3
59,2,1,3
59,2,1,3
59,2,1,3
59,2,1,3
59,2,1,3
59,2,1,3
59,2,1,3
59,2,1,3
59,2,1,3
59,2,1,3
59,2,1,3
59,2,1,3
59,2,1,3
59,2,1,3
59,2,1,3
59,2,1,3
59,2,1,3
59,2,1,3
59,2,1,3
59,2,1,3
59,2,1,3
59,2,1,3
59,2,1,3
59,2,1,3
59,2,1,3
59,2,1,3
59,2,1,3
59,2,1,3
59,2,1,3
59,2,1,3
59,2,1,3
59,2,1,3
59,2,1,3
59,2,1,3
59,2,1,3
59,2,1,3
59,2,1,3
59,2,1,3
59,2,1,3
59,2,1,3
59,2,1,3
59,2,1,3
59,2,1,3
59,2,1,3
59,2,1,3
59,2,1,3
59,2,1,3
59,2,1,3
59,2,1,3
59,2,1,3
59,2,1,3
59,2,1,3
59,2,1,3
59,2,1,3
59,2,1,3
59,2,1,3
59,2,1,3
59,2,1,3
60,2,2,4
60,2,2,4
60,2,2,4
60,2,2,4
60,2,2,4
60,2,2,4
60,2,2,4
60,2,2,4
60,2,2,4
60,2,2,4
60,2,2,4
60,2,2,4
60,2,2,4
60,2,2,4
60,2,2,4
60,2,2,4
60,2,2,4
60,2,2,4
60,2,2,4
60,2,2,4
60,2,2,4
60,2,2,4
60,2,2,4
60,2,2,4
60,2,2,4
60,2,2,4
60,2,2,4
60,2,2,4
60,2,2,4
60,2,2,4
60,2,2,4
60,2,2,4
60,2,2,4
60,2,2,4
60,2,2,4
60,2,2,4
60,2,2,4
60,2,2,4
60,2,2,4
60,2,2,4
60,2,2,4
60,2,2,4
60,2,2,4
60,2,2,4
60,2,2,4
60,2,2,4
60,2,2,4
60,2,2,4
60,2,2,4
60,2,2,4
60,2,2,4
60,2,2,4
60,2,2,4
60,2,2,4
60,2,2,4
60,2,2,4
60,2,2,4
60,2,2,4
60,2,2,4
60,2,2,4
60,2,2,4
60,2,2,4
60,2,2,4
60,2,2,4
60,2,2,4
60,2,2,4
60,2,2,4
60,2,2,4
60,2,2,4
60,2,2,4
60,2,2,4
60,2,2,4
60,2,2,4
60,2,2,4
60,2,2,4
60,2,2,4
60,2,2,4
60,2,2,4
60,2,2,4
60,2,2,4
60,2,2,4
60,2,2,4
60,2,2,4
60,2,2,4
60,2,2,4
60,2,2,4
60,2,2,4
60,2,2,4
60,2,2,4
60,2,2,4
60,2,2,4
60,2,2,4
60,2,2,4
60,2,2,4
60,2,2,4
60,2,2,4
60,2,2,4
60,2,2,4
61,2,1,3
61,2,1,3
61,2,1,3
61,2,1,3
61,2,1,3
61,2,1,3
61,2,1,3
61,2,1,3
61,2,1,3
61,2,1,3
61,2,1,3
61,2,1,3
61,2,1,3
61,2,1,3
61,2,1,3
61,2,1,3
61,2,1,3
61,2,1,3
61,2,1,3
61,2,1,3
61,2,1,3
61,2,1,3
61,2,1,3
61,2,1,3
61,2,1,3
61,2,1,3
61,2,1,3
61,2,1,3
61,2,1,3
61,2,1,3
61,2,1,3
61,2,1,3
61,2,1,3
61,2,1,3
61,2,1,3
61,2,1,3
61,2,1,3
61,2,1,3
61,2,1,3
61,2,1,3
61,2,1,3
61,2,1,3
61,2,1,3
61,2,1,3
61,2,1,3
62,1,2,2
62,1,2,2
62,1,2,2
62,1,2,2
62,1,2,2
62,1,2,2
62,1,2,2
62,1,2,2
62,1,2,2
62,1,2,2
62,1,2,2
62,1,2,2
62,1,2,2
62,1,2,2
62,1,2,2
62,1,2,2
62,1,2,2
62,1,2,2
62,1,2,2
62,1,2,2
62,1,2,2
62,1,2,2
62,1,2,2
62,1,2,2
62,1,2,2
62,1,2,2
62,1,2,2
63,1,2,2
63,1,2,2
63,1,2,2
63,1,2,2
63,1,2,2
63,1,2,2
63,1,2,2
63,1,2,2
63,1,2,2
63,1,2,2
63,1,2,2
63,1,2,2
63,1,2,2
63,1,2,2
63,1,2,2
63,1,2,2
63,1,2,2
63,1,2,2
63,1,2,2
63,1,2,2
63,1,2,2
63,1,2,2
63,1,2,2
63,1,2,2
63,1,2,2
63,1,2,2
63,1,2,2
63,1,2,2
64,1,1,1
64,1,1,1
64,1,1,1
64,1,1,1
64,1,1,1
64,1,1,1
64,1,1,1
64,1,1,1
64,1,1,1
64,1,1,1
64,1,1,1
64,1,1,1
64,1,1,1
64,1,1,1
64,1,1,1
64,1,1,1
64,1,1,1
64,1,1,1
64,1,1,1
64,1,1,1
64,1,1,1
64,1,1,1
64,1,1,1
64,1,1,1
64,1,1,1
65,1,2,2
65,1,2,2
65,1,2,2
65,1,2,2
65,1,2,2
65,1,2,2
65,1,2,2
65,1,2,2
65,1,2,2
65,1,2,2
65,1,2,2
65,1,2,2
65,1,2,2
65,1,2,2
65,1,2,2
65,1,2,2
65,1,2,2
65,1,2,2
65,1,2,2
65,1,2,2
65,1,2,2
65,1,2,2
65,1,2,2
65,1,2,2
65,1,2,2
65,1,2,2
65,1,2,2
65,1,2,2
65,1,2,2
65,1,2,2
65,1,2,2
65,1,2,2
65,1,2,2
65,1,2,2
66,1,2,2
66,1,2,2
66,1,2,2
66,1,2,2
66,1,2,2
66,1,2,2
66,1,2,2
66,1,2,2
66,1,2,2
66,1,2,2
66,1,2,2
66,1,2,2
66,1,2,2
66,1,2,2
66,1,2,2
66,1,2,2
66,1,2,2
66,1,2,2
66,1,2,2
66,1,2,2
66,1,2,2
66,1,2,2
66,1,2,2
66,1,2,2
66,1,2,2
66,1,2,2
66,1,2,2
66,1,2,2
66,1,2,2
66,1,2,2
66,1,2,2
66,1,2,2
66,1,2,2
66,1,2,2
66,1,2,2
66,1,2,2
66,1,2,2
67,1,1,1
67,1,1,1
67,1,1,1
67,1,1,1
67,1,1,1
67,1,1,1
67,1,1,1
67,1,1,1
67,1,1,1
67,1,1,1
67,1,1,1
67,1,1,1
67,1,1,1
67,1,1,1
67,1,1,1
67,1,1,1
67,1,1,1
67,1,1,1
67,1,1,1
67,1,1,1
67,1,1,1
67,1,1,1
67,1,1,1
67,1,1,1
67,1,1,1
67,1,1,1
67,1,1,1
67,1,1,1
67,1,1,1
67,1,1,1
68,1,1,1
68,1,1,1
68,1,1,1
68,1,1,1
68,1,1,1
68,1,1,1
68,1,1,1
68,1,1,1
68,1,1,1
68,1,1,1
68,1,1,1
68,1,1,1
68,1,1,1
68,1,1,1
68,1,1,1
68,1,1,1
68,1,1,1
68,1,1,1
68,1,1,1
68,1,1,1
68,1,1,1
68,1,1,1
68,1,1,1
68,1,1,1
68,1,1,1
68,1,1,1
68,1,1,1
68,1,1,1
68,1,1,1
68,1,1,1
68,1,1,1
68,1,1,1
68,1,1,1
68,1,1,1
68,1,1,1
68,1,1,1
68,1,1,1
68,1,1,1
68,1,1,1
68,1,1,1
68,1,1,1
68,1,1,1
68,1,1,1
68,1,1,1
68,1,1,1
68,1,1,1
68,1,1,1
68,1,1,1
68,1,1,1
68,1,1,1
68,1,1,1
68,1,1,1
68,1,1,1
68,1,1,1
68,1,1,1
68,1,1,1
68,1,1,1
68,1,1,1
68,1,1,1
68,1,1,1
68,1,1,1
68,1,1,1
68,1,1,1
68,1,1,1
68,1,1,1
68,1,1,1
68,1,1,1
68,1,1,1
68,1,1,1
68,1,1,1
68,1,1,1
68,1,1,1
68,1,1,1
68,1,1,1
68,1,1,1
68,1,1,1
68,1,1,1
68,1,1,1
68,1,1,1
68,1,1,1
68,1,1,1
68,1,1,1
68,1,1,1
68,1,1,1
68,1,1,1
68,1,1,1
68,1,1,1
68,1,1,1
68,1,1,1
68,1,1,1
68,1,1,1
68,1,1,1
68,1,1,1
68,1,1,1
68,1,1,1
68,1,1,1
68,1,1,1
68,1,1,1
68,1,1,1
68,1,1,1
68,1,1,1
68,1,1,1
68,1,1,1
68,1,1,1
68,1,1,1
68,1,1,1
68,1,1,1
68,1,1,1
68,1,1,1
68,1,1,1
68,1,1,1
68,1,1,1
68,1,1,1
68,1,1,1
68,1,1,1
68,1,1,1
68,1,1,1
68,1,1,1
68,1,1,1
68,1,1,1
68,1,1,1
69,1,2,2
69,1,2,2
69,1,2,2
69,1,2,2
69,1,2,2
69,1,2,2
69,1,2,2
69,1,2,2
69,1,2,2
69,1,2,2
69,1,2,2
69,1,2,2
69,1,2,2
69,1,2,2
69,1,2,2
69,1,2,2
69,1,2,2
69,1,2,2
69,1,2,2
69,1,2,2
69,1,2,2
69,1,2,2
69,1,2,2
69,1,2,2
69,1,2,2
69,1,2,2
69,1,2,2
69,1,2,2
69,1,2,2
69,1,2,2
69,1,2,2
69,1,2,2
69,1,2,2
69,1,2,2
69,1,2,2
69,1,2,2
69,1,2,2
69,1,2,2
69,1,2,2
69,1,2,2
69,1,2,2
69,1,2,2
69,1,2,2
69,1,2,2
69,1,2,2
69,1,2,2
69,1,2,2
69,1,2,2
69,1,2,2
69,1,2,2
69,1,2,2
69,1,2,2
69,1,2,2
69,1,2,2
69,1,2,2
69,1,2,2
69,1,2,2
69,1,2,2
69,1,2,2
69,1,2,2
69,1,2,2
69,1,2,2
69,1,2,2
69,1,2,2
69,1,2,2
69,1,2,2
69,1,2,2
69,1,2,2
69,1,2,2
69,1,2,2
69,1,2,2
69,1,2,2
69,1,2,2
69,1,2,2
69,1,2,2
69,1,2,2
69,1,2,2
69,1,2,2
69,1,2,2
69,1,2,2
69,1,2,2
69,1,2,2
69,1,2,2
69,1,2,2
69,1,2,2
69,1,2,2
70,2,2,4
70,2,2,4
70,2,2,4
70,2,2,4
70,2,2,4
70,2,2,4
70,2,2,4
70,2,2,4
70,2,2,4
70,2,2,4
70,2,2,4
70,2,2,4
70,2,2,4
70,2,2,4
70,2,2,4
70,2,2,4
70,2,2,4
70,2,2,4
70,2,2,4
70,2,2,4
70,2,2,4
70,2,2,4
70,2,2,4
70,2,2,4
70,2,2,4
70,2,2,4
70,2,2,4
70,2,2,4
70,2,2,4
70,2,2,4
70,2,2,4
70,2,2,4
70,2,2,4
70,2,2,4
70,2,2,4
70,2,2,4
70,2,2,4
70,2,2,4
70,2,2,4
70,2,2,4
70,2,2,4
70,2,2,4
70,2,2,4
70,2,2,4
70,2,2,4
70,2,2,4
70,2,2,4
70,2,2,4
71,1,1,1
71,1,1,1
71,1,1,1
71,1,1,1
71,1,1,1
71,1,1,1
71,1,1,1
71,1,1,1
71,1,1,1
71,1,1,1
71,1,1,1
71,1,1,1
71,1,1,1
71,1,1,1
71,1,1,1
71,1,1,1
71,1,1,1
71,1,1,1
71,1,1,1
71,1,1,1
71,1,1,1
71,1,1,1
71,1,1,1
71,1,1,1
71,1,1,1
71,1,1,1
71,1,1,1
71,1,1,1
71,1,1,1
71,1,1,1
71,1,1,1
71,1,1,1
71,1,1,1
71,1,1,1
71,1,1,1
71,1,1,1
71,1,1,1
71,1,1,1
71,1,1,1
71,1,1,1
71,1,1,1
71,1,1,1
71,1,1,1
71,1,1,1
71,1,1,1
71,1,1,1
71,1,1,1
71,1,1,1
71,1,1,1
71,1,1,1
71,1,1,1
71,1,1,1
71,1,1,1
71,1,1,1
71,1,1,1
71,1,1,1
71,1,1,1
71,1,1,1
71,1,1,1
71,1,1,1
71,1,1,1
71,1,1,1
71,1,1,1
71,1,1,1
71,1,1,1
71,1,1,1
71,1,1,1
71,1,1,1
71,1,1,1
71,1,1,1
71,1,1,1
71,1,1,1
71,1,1,1
71,1,1,1
71,1,1,1
71,1,1,1
71,1,1,1
71,1,1,1
71,1,1,1
71,1,1,1
71,1,1,1
71,1,1,1
71,1,1,1
71,1,1,1
72,2,1,3
72,2,1,3
72,2,1,3
72,2,1,3
72,2,1,3
72,2,1,3
72,2,1,3
72,2,1,3
72,2,1,3
72,2,1,3
72,2,1,3
72,2,1,3
72,2,1,3
72,2,1,3
72,2,1,3
72,2,1,3
72,2,1,3
72,2,1,3
72,2,1,3
72,2,1,3
72,2,1,3
72,2,1,3
72,2,1,3
72,2,1,3
72,2,1,3
72,2,1,3
72,2,1,3
72,2,1,3
72,2,1,3
72,2,1,3
72,2,1,3
72,2,1,3
72,2,1,3
72,2,1,3
72,2,1,3
72,2,1,3
72,2,1,3
72,2,1,3
72,2,1,3
72,2,1,3
72,2,1,3
72,2,1,3
72,2,1,3
72,2,1,3
72,2,1,3
72,2,1,3
72,2,1,3
72,2,1,3
72,2,1,3
72,2,1,3
72,2,1,3
72,2,1,3
72,2,1,3
72,2,1,3
72,2,1,3
72,2,1,3
72,2,1,3
72,2,1,3
72,2,1,3
72,2,1,3
73,1,2,2
73,1,2,2
73,1,2,2
73,1,2,2
73,1,2,2
73,1,2,2
73,1,2,2
73,1,2,2
73,1,2,2
73,1,2,2
73,1,2,2
73,1,2,2
73,1,2,2
73,1,2,2
73,1,2,2
73,1,2,2
73,1,2,2
73,1,2,2
73,1,2,2
73,1,2,2
73,1,2,2
73,1,2,2
73,1,2,2
73,1,2,2
73,1,2,2
73,1,2,2
73,1,2,2
73,1,2,2
73,1,2,2
73,1,2,2
73,1,2,2
73,1,2,2
73,1,2,2
73,1,2,2
73,1,2,2
73,1,2,2
73,1,2,2
73,1,2,2
73,1,2,2
73,1,2,2
73,1,2,2
73,1,2,2
73,1,2,2
73,1,2,2
73,1,2,2
73,1,2,2
73,1,2,2
73,1,2,2
73,1,2,2
73,1,2,2
73,1,2,2
73,1,2,2
73,1,2,2
73,1,2,2
73,1,2,2
73,1,2,2
73,1,2,2
73,1,2,2
73,1,2,2
73,1,2,2
73,1,2,2
73,1,2,2
73,1,2,2
74,2,2,4
74,2,2,4
74,2,2,4
74,2,2,4
74,2,2,4
74,2,2,4
74,2,2,4
74,2,2,4
74,2,2,4
74,2,2,4
74,2,2,4
74,2,2,4
74,2,2,4
74,2,2,4
74,2,2,4
74,2,2,4
74,2,2,4
74,2,2,4
74,2,2,4
74,2,2,4
74,2,2,4
74,2,2,4
74,2,2,4
74,2,2,4
74,2,2,4
74,2,2,4
74,2,2,4
74,2,2,4
74,2,2,4
74,2,2,4
74,2,2,4
74,2,2,4
74,2,2,4
74,2,2,4
74,2,2,4
74,2,2,4
74,2,2,4
74,2,2,4
74,2,2,4
74,2,2,4
74,2,2,4
74,2,2,4
74,2,2,4
74,2,2,4
74,2,2,4
74,2,2,4
74,2,2,4
74,2,2,4
74,2,2,4
74,2,2,4
74,2,2,4
74,2,2,4
74,2,2,4
74,2,2,4
74,2,2,4
74,2,2,4
74,2,2,4
74,2,2,4
75,2,2,4
75,2,2,4
75,2,2,4
75,2,2,4
75,2,2,4
75,2,2,4
75,2,2,4
75,2,2,4
75,2,2,4
75,2,2,4
75,2,2,4
75,2,2,4
75,2,2,4
75,2,2,4
75,2,2,4
75,2,2,4
75,2,2,4
75,2,2,4
75,2,2,4
75,2,2,4
75,2,2,4
75,2,2,4
75,2,2,4
75,2,2,4
75,2,2,4
75,2,2,4
75,2,2,4
75,2,2,4
75,2,2,4
75,2,2,4
75,2,2,4
75,2,2,4
75,2,2,4
75,2,2,4
75,2,2,4
75,2,2,4
75,2,2,4
75,2,2,4
75,2,2,4
75,2,2,4
75,2,2,4
75,2,2,4
75,2,2,4
75,2,2,4
75,2,2,4
75,2,2,4
75,2,2,4
75,2,2,4
75,2,2,4
75,2,2,4
75,2,2,4
75,2,2,4
76,2,1,3
76,2,1,3
76,2,1,3
76,2,1,3
76,2,1,3
76,2,1,3
76,2,1,3
76,2,1,3
76,2,1,3
76,2,1,3
76,2,1,3
76,2,1,3
76,2,1,3
76,2,1,3
76,2,1,3
76,2,1,3
77,2,1,3
77,2,1,3
77,2,1,3
77,2,1,3
77,2,1,3
77,2,1,3
77,2,1,3
77,2,1,3
77,2,1,3
77,2,1,3
77,2,1,3
77,2,1,3
77,2,1,3
77,2,1,3
77,2,1,3
77,2,1,3
77,2,1,3
77,2,1,3
77,2,1,3
77,2,1,3
77,2,1,3
77,2,1,3
77,2,1,3
77,2,1,3
77,2,1,3
77,2,1,3
77,2,1,3
77,2,1,3
77,2,1,3
77,2,1,3
77,2,1,3
77,2,1,3
77,2,1,3
77,2,1,3
77,2,1,3
77,2,1,3
77,2,1,3
77,2,1,3
77,2,1,3
77,2,1,3
77,2,1,3
77,2,1,3
77,2,1,3
78,1,1,1
78,1,1,1
78,1,1,1
78,1,1,1
78,1,1,1
78,1,1,1
78,1,1,1
78,1,1,1
78,1,1,1
78,1,1,1
78,1,1,1
78,1,1,1
78,1,1,1
78,1,1,1
78,1,1,1
78,1,1,1
78,1,1,1
78,1,1,1
78,1,1,1
78,1,1,1
78,1,1,1
79,1,2,2
79,1,2,2
79,1,2,2
79,1,2,2
79,1,2,2
79,1,2,2
79,1,2,2
79,1,2,2
79,1,2,2
79,1,2,2
79,1,2,2
79,1,2,2
79,1,2,2
79,1,2,2
79,1,2,2
79,1,2,2
79,1,2,2
79,1,2,2
79,1,2,2
79,1,2,2
79,1,2,2
79,1,2,2
79,1,2,2
79,1,2,2
79,1,2,2
79,1,2,2
79,1,2,2
79,1,2,2
79,1,2,2
79,1,2,2
79,1,2,2
79,1,2,2
79,1,2,2
79,1,2,2
79,1,2,2
79,1,2,2
79,1,2,2
79,1,2,2
79,1,2,2
79,1,2,2
79,1,2,2
79,1,2,2
79,1,2,2
79,1,2,2
79,1,2,2
79,1,2,2
79,1,2,2
79,1,2,2
79,1,2,2
79,1,2,2
79,1,2,2
79,1,2,2
79,1,2,2
79,1,2,2
79,1,2,2
79,1,2,2
79,1,2,2
79,1,2,2
79,1,2,2
79,1,2,2
79,1,2,2
79,1,2,2
79,1,2,2
79,1,2,2
79,1,2,2
79,1,2,2
79,1,2,2
79,1,2,2
79,1,2,2
79,1,2,2
79,1,2,2
79,1,2,2
79,1,2,2
79,1,2,2
79,1,2,2
79,1,2,2
80,2,2,4
80,2,2,4
80,2,2,4
80,2,2,4
80,2,2,4
80,2,2,4
80,2,2,4
80,2,2,4
80,2,2,4
80,2,2,4
80,2,2,4
80,2,2,4
80,2,2,4
80,2,2,4
80,2,2,4
80,2,2,4
80,2,2,4
80,2,2,4
80,2,2,4
80,2,2,4
80,2,2,4
80,2,2,4
80,2,2,4
80,2,2,4
80,2,2,4
80,2,2,4
80,2,2,4
80,2,2,4
80,2,2,4
80,2,2,4
80,2,2,4
80,2,2,4
80,2,2,4
80,2,2,4
80,2,2,4
80,2,2,4
80,2,2,4
80,2,2,4
80,2,2,4
80,2,2,4
80,2,2,4
80,2,2,4
80,2,2,4
80,2,2,4
80,2,2,4
80,2,2,4
80,2,2,4
80,2,2,4
80,2,2,4
80,2,2,4
81,2,1,3
81,2,1,3
81,2,1,3
81,2,1,3
81,2,1,3
81,2,1,3
81,2,1,3
81,2,1,3
81,2,1,3
81,2,1,3
81,2,1,3
81,2,1,3
81,2,1,3
81,2,1,3
81,2,1,3
81,2,1,3
81,2,1,3
81,2,1,3
81,2,1,3
81,2,1,3
81,2,1,3
81,2,1,3
81,2,1,3
81,2,1,3
81,2,1,3
81,2,1,3
81,2,1,3
82,1,2,2
82,1,2,2
82,1,2,2
82,1,2,2
82,1,2,2
82,1,2,2
82,1,2,2
82,1,2,2
82,1,2,2
82,1,2,2
82,1,2,2
82,1,2,2
82,1,2,2
82,1,2,2
82,1,2,2
82,1,2,2
82,1,2,2
82,1,2,2
82,1,2,2
82,1,2,2
82,1,2,2
82,1,2,2
82,1,2,2
82,1,2,2
82,1,2,2
82,1,2,2
82,1,2,2
82,1,2,2
82,1,2,2
82,1,2,2
82,1,2,2
82,1,2,2
82,1,2,2
82,1,2,2
82,1,2,2
82,1,2,2
82,1,2,2
82,1,2,2
82,1,2,2
82,1,2,2
82,1,2,2
82,1,2,2
82,1,2,2
82,1,2,2
82,1,2,2
82,1,2,2
82,1,2,2
82,1,2,2
82,1,2,2
82,1,2,2
82,1,2,2
82,1,2,2
82,1,2,2
82,1,2,2
82,1,2,2
82,1,2,2
82,1,2,2
82,1,2,2
82,1,2,2
82,1,2,2
82,1,2,2
82,1,2,2
82,1,2,2
82,1,2,2
82,1,2,2
82,1,2,2
82,1,2,2
82,1,2,2
82,1,2,2
82,1,2,2
82,1,2,2
82,1,2,2
82,1,2,2
82,1,2,2
82,1,2,2
82,1,2,2
82,1,2,2
82,1,2,2
82,1,2,2
82,1,2,2
82,1,2,2
82,1,2,2
82,1,2,2
82,1,2,2
82,1,2,2
82,1,2,2
82,1,2,2
82,1,2,2
82,1,2,2
82,1,2,2
82,1,2,2
82,1,2,2
82,1,2,2
82,1,2,2
82,1,2,2
82,1,2,2
82,1,2,2
83,2,2,4
83,2,2,4
83,2,2,4
83,2,2,4
83,2,2,4
83,2,2,4
83,2,2,4
83,2,2,4
83,2,2,4
83,2,2,4
83,2,2,4
83,2,2,4
83,2,2,4
83,2,2,4
83,2,2,4
83,2,2,4
83,2,2,4
83,2,2,4
83,2,2,4
83,2,2,4
83,2,2,4
83,2,2,4
83,2,2,4
83,2,2,4
83,2,2,4
83,2,2,4
83,2,2,4
83,2,2,4
83,2,2,4
83,2,2,4
83,2,2,4
83,2,2,4
83,2,2,4
83,2,2,4
83,2,2,4
83,2,2,4
83,2,2,4
83,2,2,4
83,2,2,4
83,2,2,4
83,2,2,4
83,2,2,4
83,2,2,4
83,2,2,4
83,2,2,4
83,2,2,4
83,2,2,4
83,2,2,4
83,2,2,4
83,2,2,4
83,2,2,4
83,2,2,4
83,2,2,4
83,2,2,4
83,2,2,4
84,2,1,3
84,2,1,3
84,2,1,3
84,2,1,3
84,2,1,3
84,2,1,3
84,2,1,3
84,2,1,3
84,2,1,3
84,2,1,3
84,2,1,3
84,2,1,3
84,2,1,3
84,2,1,3
84,2,1,3
84,2,1,3
84,2,1,3
84,2,1,3
84,2,1,3
84,2,1,3
84,2,1,3
84,2,1,3
84,2,1,3
84,2,1,3
84,2,1,3
84,2,1,3
84,2,1,3
84,2,1,3
85,2,1,3
85,2,1,3
85,2,1,3
85,2,1,3
85,2,1,3
85,2,1,3
85,2,1,3
85,2,1,3
85,2,1,3
85,2,1,3
85,2,1,3
85,2,1,3
85,2,1,3
85,2,1,3
85,2,1,3
85,2,1,3
85,2,1,3
85,2,1,3
85,2,1,3
85,2,1,3
85,2,1,3
85,2,1,3
85,2,1,3
85,2,1,3
85,2,1,3
85,2,1,3
85,2,1,3
85,2,1,3
85,2,1,3
85,2,1,3
85,2,1,3
85,2,1,3
85,2,1,3
85,2,1,3
85,2,1,3
85,2,1,3
85,2,1,3
85,2,1,3
85,2,1,3
85,2,1,3
86,1,2,2
86,1,2,2
86,1,2,2
86,1,2,2
86,1,2,2
86,1,2,2
86,1,2,2
86,1,2,2
86,1,2,2
86,1,2,2
86,1,2,2
86,1,2,2
86,1,2,2
86,1,2,2
86,1,2,2
86,1,2,2
86,1,2,2
86,1,2,2
86,1,2,2
86,1,2,2
87,2,1,3
87,2,1,3
87,2,1,3
87,2,1,3
87,2,1,3
87,2,1,3
87,2,1,3
87,2,1,3
87,2,1,3
87,2,1,3
87,2,1,3
87,2,1,3
87,2,1,3
87,2,1,3
87,2,1,3
87,2,1,3
87,2,1,3
87,2,1,3
87,2,1,3
87,2,1,3
87,2,1,3
88,2,1,3
88,2,1,3
88,2,1,3
88,2,1,3
88,2,1,3
88,2,1,3
88,2,1,3
88,2,1,3
88,2,1,3
88,2,1,3
88,2,1,3
88,2,1,3
88,2,1,3
88,2,1,3
88,2,1,3
88,2,1,3
88,2,1,3
88,2,1,3
88,2,1,3
88,2,1,3
88,2,1,3
88,2,1,3
88,2,1,3
88,2,1,3
88,2,1,3
88,2,1,3
88,2,1,3
88,2,1,3
89,2,2,4
89,2,2,4
89,2,2,4
89,2,2,4
89,2,2,4
89,2,2,4
89,2,2,4
89,2,2,4
89,2,2,4
89,2,2,4
89,2,2,4
89,2,2,4
89,2,2,4
89,2,2,4
89,2,2,4
89,2,2,4
89,2,2,4
89,2,2,4
89,2,2,4
89,2,2,4
89,2,2,4
89,2,2,4
89,2,2,4
89,2,2,4
89,2,2,4
89,2,2,4
89,2,2,4
89,2,2,4
90,1,2,2
90,1,2,2
90,1,2,2
90,1,2,2
90,1,2,2
90,1,2,2
90,1,2,2
90,1,2,2
90,1,2,2
90,1,2,2
90,1,2,2
90,1,2,2
90,1,2,2
90,1,2,2
90,1,2,2
90,1,2,2
90,1,2,2
90,1,2,2
90,1,2,2
90,1,2,2
90,1,2,2
90,1,2,2
90,1,2,2
90,1,2,2
90,1,2,2
90,1,2,2
90,1,2,2
90,1,2,2
90,1,2,2
90,1,2,2
90,1,2,2
90,1,2,2
90,1,2,2
90,1,2,2
90,1,2,2
90,1,2,2
90,1,2,2
90,1,2,2
90,1,2,2
90,1,2,2
90,1,2,2
90,1,2,2
90,1,2,2
90,1,2,2
90,1,2,2
90,1,2,2
90,1,2,2
90,1,2,2
90,1,2,2
90,1,2,2
90,1,2,2
90,1,2,2
90,1,2,2
90,1,2,2
90,1,2,2
90,1,2,2
90,1,2,2
90,1,2,2
90,1,2,2
90,1,2,2
90,1,2,2
90,1,2,2
90,1,2,2
90,1,2,2
90,1,2,2
90,1,2,2
91,2,1,3
91,2,1,3
91,2,1,3
91,2,1,3
91,2,1,3
91,2,1,3
91,2,1,3
91,2,1,3
91,2,1,3
91,2,1,3
91,2,1,3
91,2,1,3
91,2,1,3
91,2,1,3
91,2,1,3
91,2,1,3
91,2,1,3
91,2,1,3
91,2,1,3
91,2,1,3
91,2,1,3
91,2,1,3
91,2,1,3
91,2,1,3
91,2,1,3
91,2,1,3
91,2,1,3
91,2,1,3
91,2,1,3
91,2,1,3
91,2,1,3
91,2,1,3
91,2,1,3
91,2,1,3
91,2,1,3
91,2,1,3
91,2,1,3
91,2,1,3
91,2,1,3
91,2,1,3
91,2,1,3
91,2,1,3
91,2,1,3
91,2,1,3
91,2,1,3
91,2,1,3
91,2,1,3
91,2,1,3
91,2,1,3
91,2,1,3
91,2,1,3
91,2,1,3
91,2,1,3
91,2,1,3
91,2,1,3
91,2,1,3
91,2,1,3
91,2,1,3
91,2,1,3
91,2,1,3
91,2,1,3
91,2,1,3
91,2,1,3
91,2,1,3
91,2,1,3
91,2,1,3
91,2,1,3
91,2,1,3
91,2,1,3
91,2,1,3
91,2,1,3
91,2,1,3
91,2,1,3
91,2,1,3
91,2,1,3
91,2,1,3
92,2,2,4
92,2,2,4
92,2,2,4
92,2,2,4
92,2,2,4
92,2,2,4
92,2,2,4
92,2,2,4
92,2,2,4
92,2,2,4
92,2,2,4
92,2,2,4
93,2,2,4
93,2,2,4
93,2,2,4
93,2,2,4
93,2,2,4
93,2,2,4
93,2,2,4
93,2,2,4
93,2,2,4
93,2,2,4
93,2,2,4
93,2,2,4
93,2,2,4
93,2,2,4
93,2,2,4
93,2,2,4
93,2,2,4
93,2,2,4
93,2,2,4
93,2,2,4
93,2,2,4
93,2,2,4
93,2,2,4
93,2,2,4
93,2,2,4
93,2,2,4
93,2,2,4
93,2,2,4
93,2,2,4
93,2,2,4
93,2,2,4
93,2,2,4
93,2,2,4
93,2,2,4
93,2,2,4
93,2,2,4
93,2,2,4
93,2,2,4
93,2,2,4
94,2,2,4
94,2,2,4
94,2,2,4
94,2,2,4
94,2,2,4
94,2,2,4
94,2,2,4
94,2,2,4
94,2,2,4
94,2,2,4
94,2,2,4
94,2,2,4
94,2,2,4
94,2,2,4
94,2,2,4
94,2,2,4
94,2,2,4
94,2,2,4
94,2,2,4
94,2,2,4
94,2,2,4
94,2,2,4
94,2,2,4
94,2,2,4
94,2,2,4
94,2,2,4
94,2,2,4
94,2,2,4
94,2,2,4
94,2,2,4
94,2,2,4
94,2,2,4
94,2,2,4
94,2,2,4
94,2,2,4
94,2,2,4
94,2,2,4
94,2,2,4
94,2,2,4
94,2,2,4
94,2,2,4
94,2,2,4
94,2,2,4
94,2,2,4
94,2,2,4
94,2,2,4
94,2,2,4
94,2,2,4
94,2,2,4
94,2,2,4
94,2,2,4
94,2,2,4
94,2,2,4
94,2,2,4
94,2,2,4
94,2,2,4
94,2,2,4
94,2,2,4
94,2,2,4
94,2,2,4
94,2,2,4
94,2,2,4
94,2,2,4
94,2,2,4
94,2,2,4
94,2,2,4
94,2,2,4
95,1,2,2
95,1,2,2
95,1,2,2
95,1,2,2
95,1,2,2
95,1,2,2
95,1,2,2
95,1,2,2
95,1,2,2
95,1,2,2
95,1,2,2
95,1,2,2
95,1,2,2
95,1,2,2
95,1,2,2
95,1,2,2
95,1,2,2
95,1,2,2
95,1,2,2
96,1,2,2
96,1,2,2
96,1,2,2
96,1,2,2
96,1,2,2
96,1,2,2
96,1,2,2
96,1,2,2
96,1,2,2
96,1,2,2
96,1,2,2
96,1,2,2
96,1,2,2
97,2,2,4
97,2,2,4
97,2,2,4
97,2,2,4
97,2,2,4
97,2,2,4
97,2,2,4
97,2,2,4
97,2,2,4
97,2,2,4
97,2,2,4
97,2,2,4
97,2,2,4
97,2,2,4
97,2,2,4
97,2,2,4
97,2,2,4
97,2,2,4
97,2,2,4
97,2,2,4
97,2,2,4
97,2,2,4
97,2,2,4
97,2,2,4
97,2,2,4
97,2,2,4
97,2,2,4
97,2,2,4
97,2,2,4
97,2,2,4
97,2,2,4
97,2,2,4
97,2,2,4
97,2,2,4
97,2,2,4
97,2,2,4
97,2,2,4
97,2,2,4
97,2,2,4
97,2,2,4
97,2,2,4
97,2,2,4
97,2,2,4
97,2,2,4
97,2,2,4
97,2,2,4
97,2,2,4
97,2,2,4
97,2,2,4
97,2,2,4
97,2,2,4
97,2,2,4
97,2,2,4
97,2,2,4
97,2,2,4
97,2,2,4
97,2,2,4
97,2,2,4
97,2,2,4
97,2,2,4
97,2,2,4
97,2,2,4
97,2,2,4
97,2,2,4
97,2,2,4
97,2,2,4
97,2,2,4
97,2,2,4
97,2,2,4
97,2,2,4
97,2,2,4
97,2,2,4
97,2,2,4
97,2,2,4
97,2,2,4
97,2,2,4
97,2,2,4
97,2,2,4
98,2,1,3
98,2,1,3
98,2,1,3
98,2,1,3
98,2,1,3
98,2,1,3
98,2,1,3
98,2,1,3
98,2,1,3
98,2,1,3
98,2,1,3
98,2,1,3
98,2,1,3
98,2,1,3
98,2,1,3
98,2,1,3
98,2,1,3
98,2,1,3
98,2,1,3
98,2,1,3
98,2,1,3
98,2,1,3
98,2,1,3
98,2,1,3
98,2,1,3
98,2,1,3
98,2,1,3
98,2,1,3
98,2,1,3
98,2,1,3
98,2,1,3
98,2,1,3
98,2,1,3
98,2,1,3
98,2,1,3
98,2,1,3
98,2,1,3
99,2,1,3
99,2,1,3
99,2,1,3
99,2,1,3
99,2,1,3
99,2,1,3
99,2,1,3
99,2,1,3
99,2,1,3
99,2,1,3
99,2,1,3
99,2,1,3
99,2,1,3
99,2,1,3
99,2,1,3
99,2,1,3
99,2,1,3
99,2,1,3
99,2,1,3
99,2,1,3
99,2,1,3
99,2,1,3
99,2,1,3
100,2,2,4
100,2,2,4
100,2,2,4
100,2,2,4
100,2,2,4
100,2,2,4
100,2,2,4
100,2,2,4
100,2,2,4
100,2,2,4
100,2,2,4
100,2,2,4
100,2,2,4
100,2,2,4
100,2,2,4
100,2,2,4
100,2,2,4
100,2,2,4
100,2,2,4
100,2,2,4
100,2,2,4
100,2,2,4
100,2,2,4
100,2,2,4
100,2,2,4
100,2,2,4
100,2,2,4
100,2,2,4
100,2,2,4
100,2,2,4
100,2,2,4
100,2,2,4
100,2,2,4
100,2,2,4
100,2,2,4
100,2,2,4
100,2,2,4
100,2,2,4
100,2,2,4
100,2,2,4
100,2,2,4
100,2,2,4
100,2,2,4
100,2,2,4
100,2,2,4
100,2,2,4
101,2,2,4
101,2,2,4
101,2,2,4
101,2,2,4
101,2,2,4
101,2,2,4
101,2,2,4
101,2,2,4
101,2,2,4
101,2,2,4
101,2,2,4
101,2,2,4
101,2,2,4
101,2,2,4
101,2,2,4
101,2,2,4
101,2,2,4
101,2,2,4
101,2,2,4
101,2,2,4
101,2,2,4
101,2,2,4
101,2,2,4
101,2,2,4
101,2,2,4
101,2,2,4
101,2,2,4
101,2,2,4
101,2,2,4
101,2,2,4
102,1,2,2
102,1,2,2
102,1,2,2
102,1,2,2
102,1,2,2
102,1,2,2
102,1,2,2
102,1,2,2
102,1,2,2
102,1,2,2
102,1,2,2
102,1,2,2
102,1,2,2
102,1,2,2
102,1,2,2
102,1,2,2
102,1,2,2
102,1,2,2
102,1,2,2
102,1,2,2
102,1,2,2
102,1,2,2
102,1,2,2
102,1,2,2
102,1,2,2
103,1,1,1
103,1,1,1
103,1,1,1
103,1,1,1
103,1,1,1
103,1,1,1
103,1,1,1
103,1,1,1
103,1,1,1
103,1,1,1
103,1,1,1
103,1,1,1
103,1,1,1
103,1,1,1
103,1,1,1
103,1,1,1
103,1,1,1
103,1,1,1
103,1,1,1
103,1,1,1
103,1,1,1
104,2,2,4
104,2,2,4
104,2,2,4
104,2,2,4
104,2,2,4
104,2,2,4
104,2,2,4
104,2,2,4
104,2,2,4
104,2,2,4
104,2,2,4
104,2,2,4
104,2,2,4
104,2,2,4
104,2,2,4
104,2,2,4
104,2,2,4
104,2,2,4
104,2,2,4
104,2,2,4
105,2,2,4
105,2,2,4
105,2,2,4
105,2,2,4
105,2,2,4
105,2,2,4
105,2,2,4
105,2,2,4
105,2,2,4
105,2,2,4
105,2,2,4
105,2,2,4
105,2,2,4
105,2,2,4
105,2,2,4
105,2,2,4
105,2,2,4
105,2,2,4
105,2,2,4
105,2,2,4
105,2,2,4
105,2,2,4
105,2,2,4
105,2,2,4
105,2,2,4
105,2,2,4
105,2,2,4
105,2,2,4
105,2,2,4
105,2,2,4
105,2,2,4
105,2,2,4
105,2,2,4
105,2,2,4
105,2,2,4
105,2,2,4
105,2,2,4
105,2,2,4
105,2,2,4
105,2,2,4
105,2,2,4
105,2,2,4
105,2,2,4
105,2,2,4
105,2,2,4
105,2,2,4
105,2,2,4
105,2,2,4
105,2,2,4
105,2,2,4
105,2,2,4
105,2,2,4
105,2,2,4
105,2,2,4
105,2,2,4
105,2,2,4
105,2,2,4
105,2,2,4
105,2,2,4
105,2,2,4
105,2,2,4
105,2,2,4
105,2,2,4
106,2,2,4
106,2,2,4
106,2,2,4
106,2,2,4
106,2,2,4
106,2,2,4
106,2,2,4
106,2,2,4
106,2,2,4
106,2,2,4
106,2,2,4
106,2,2,4
106,2,2,4
106,2,2,4
106,2,2,4
106,2,2,4
106,2,2,4
106,2,2,4
106,2,2,4
106,2,2,4
106,2,2,4
107,1,2,2
107,1,2,2
107,1,2,2
107,1,2,2
107,1,2,2
107,1,2,2
107,1,2,2
107,1,2,2
107,1,2,2
107,1,2,2
107,1,2,2
107,1,2,2
107,1,2,2
107,1,2,2
107,1,2,2
107,1,2,2
107,1,2,2
107,1,2,2
107,1,2,2
107,1,2,2
107,1,2,2
107,1,2,2
107,1,2,2
107,1,2,2
107,1,2,2
107,1,2,2
107,1,2,2
107,1,2,2
108,1,2,2
108,1,2,2
108,1,2,2
108,1,2,2
108,1,2,2
108,1,2,2
108,1,2,2
108,1,2,2
108,1,2,2
108,1,2,2
108,1,2,2
108,1,2,2
108,1,2,2
108,1,2,2
108,1,2,2
108,1,2,2
108,1,2,2
108,1,2,2
108,1,2,2
108,1,2,2
108,1,2,2
108,1,2,2
108,1,2,2
108,1,2,2
109,1,2,2
109,1,2,2
109,1,2,2
109,1,2,2
109,1,2,2
109,1,2,2
109,1,2,2
109,1,2,2
109,1,2,2
109,1,2,2
109,1,2,2
109,1,2,2
109,1,2,2
109,1,2,2
109,1,2,2
109,1,2,2
109,1,2,2
109,1,2,2
109,1,2,2
109,1,2,2
109,1,2,2
109,1,2,2
109,1,2,2
109,1,2,2
109,1,2,2
109,1,2,2
110,2,2,4
110,2,2,4
110,2,2,4
110,2,2,4
110,2,2,4
110,2,2,4
110,2,2,4
110,2,2,4
110,2,2,4
110,2,2,4
110,2,2,4
110,2,2,4
110,2,2,4
110,2,2,4
110,2,2,4
110,2,2,4
110,2,2,4
110,2,2,4
110,2,2,4
110,2,2,4
110,2,2,4
110,2,2,4
110,2,2,4
110,2,2,4
110,2,2,4
110,2,2,4
110,2,2,4
110,2,2,4
110,2,2,4
110,2,2,4
110,2,2,4
110,2,2,4
110,2,2,4
110,2,2,4
110,2,2,4
110,2,2,4
110,2,2,4
110,2,2,4
110,2,2,4
110,2,2,4
110,2,2,4
110,2,2,4
110,2,2,4
110,2,2,4
110,2,2,4
110,2,2,4
110,2,2,4
110,2,2,4
110,2,2,4
110,2,2,4
110,2,2,4
110,2,2,4
110,2,2,4
110,2,2,4
110,2,2,4
110,2,2,4
110,2,2,4
110,2,2,4
110,2,2,4
110,2,2,4
110,2,2,4
110,2,2,4
110,2,2,4
111,1,1,1
111,1,1,1
111,1,1,1
111,1,1,1
111,1,1,1
111,1,1,1
111,1,1,1
111,1,1,1
111,1,1,1
111,1,1,1
111,1,1,1
111,1,1,1
111,1,1,1
111,1,1,1
111,1,1,1
111,1,1,1
111,1,1,1
112,1,1,1
112,1,1,1
112,1,1,1
112,1,1,1
112,1,1,1
112,1,1,1
112,1,1,1
112,1,1,1
112,1,1,1
112,1,1,1
112,1,1,1
112,1,1,1
112,1,1,1
112,1,1,1
112,1,1,1
112,1,1,1
112,1,1,1
112,1,1,1
112,1,1,1
112,1,1,1
112,1,1,1
112,1,1,1
112,1,1,1
112,1,1,1
112,1,1,1
112,1,1,1
112,1,1,1
112,1,1,1
112,1,1,1
112,1,1,1
112,1,1,1
112,1,1,1
112,1,1,1
112,1,1,1
112,1,1,1
112,1,1,1
112,1,1,1
112,1,1,1
112,1,1,1
112,1,1,1
113,1,2,2
113,1,2,2
113,1,2,2
113,1,2,2
113,1,2,2
113,1,2,2
113,1,2,2
113,1,2,2
113,1,2,2
113,1,2,2
113,1,2,2
113,1,2,2
113,1,2,2
113,1,2,2
113,1,2,2
113,1,2,2
113,1,2,2
113,1,2,2
113,1,2,2
113,1,2,2
113,1,2,2
113,1,2,2
113,1,2,2
113,1,2,2
113,1,2,2
113,1,2,2
113,1,2,2
113,1,2,2
113,1,2,2
113,1,2,2
113,1,2,2
113,1,2,2
113,1,2,2
113,1,2,2
113,1,2,2
113,1,2,2
113,1,2,2
113,1,2,2
113,1,2,2
113,1,2,2
113,1,2,2
113,1,2,2
113,1,2,2
113,1,2,2
113,1,2,2
113,1,2,2
113,1,2,2
113,1,2,2
113,1,2,2
113,1,2,2
113,1,2,2
113,1,2,2
113,1,2,2
113,1,2,2
113,1,2,2
113,1,2,2
113,1,2,2
113,1,2,2
113,1,2,2
113,1,2,2
113,1,2,2
113,1,2,2
113,1,2,2
113,1,2,2
113,1,2,2
113,1,2,2
113,1,2,2
113,1,2,2
113,1,2,2
113,1,2,2
113,1,2,2
113,1,2,2
114,2,1,3
114,2,1,3
114,2,1,3
114,2,1,3
114,2,1,3
114,2,1,3
114,2,1,3
114,2,1,3
114,2,1,3
114,2,1,3
114,2,1,3
114,2,1,3
114,2,1,3
114,2,1,3
114,2,1,3
114,2,1,3
114,2,1,3
114,2,1,3
114,2,1,3
114,2,1,3
114,2,1,3
114,2,1,3
114,2,1,3
114,2,1,3
114,2,1,3
114,2,1,3
114,2,1,3
114,2,1,3
114,2,1,3
114,2,1,3
114,2,1,3
114,2,1,3
114,2,1,3
114,2,1,3
114,2,1,3
114,2,1,3
114,2,1,3
114,2,1,3
114,2,1,3
114,2,1,3
115,2,1,3
115,2,1,3
115,2,1,3
115,2,1,3
115,2,1,3
115,2,1,3
115,2,1,3
115,2,1,3
115,2,1,3
115,2,1,3
115,2,1,3
115,2,1,3
115,2,1,3
115,2,1,3
115,2,1,3
115,2,1,3
115,2,1,3
115,2,1,3
115,2,1,3
115,2,1,3
115,2,1,3
115,2,1,3
115,2,1,3
116,2,1,3
116,2,1,3
116,2,1,3
116,2,1,3
116,2,1,3
116,2,1,3
116,2,1,3
116,2,1,3
116,2,1,3
116,2,1,3
116,2,1,3
116,2,1,3
116,2,1,3
116,2,1,3
116,2,1,3
116,2,1,3
116,2,1,3
116,2,1,3
116,2,1,3
116,2,1,3
116,2,1,3
116,2,1,3
116,2,1,3
116,2,1,3
116,2,1,3
116,2,1,3
116,2,1,3
116,2,1,3
116,2,1,3
116,2,1,3
116,2,1,3
116,2,1,3
116,2,1,3
116,2,1,3
116,2,1,3
116,2,1,3
117,2,2,4
117,2,2,4
117,2,2,4
117,2,2,4
117,2,2,4
117,2,2,4
117,2,2,4
117,2,2,4
117,2,2,4
117,2,2,4
117,2,2,4
117,2,2,4
117,2,2,4
117,2,2,4
117,2,2,4
117,2,2,4
117,2,2,4
117,2,2,4
117,2,2,4
117,2,2,4
117,2,2,4
117,2,2,4
117,2,2,4
117,2,2,4
117,2,2,4
117,2,2,4
117,2,2,4
117,2,2,4
117,2,2,4
117,2,2,4
117,2,2,4
117,2,2,4
117,2,2,4
117,2,2,4
117,2,2,4
117,2,2,4
117,2,2,4
117,2,2,4
117,2,2,4
117,2,2,4
117,2,2,4
117,2,2,4
117,2,2,4
117,2,2,4
117,2,2,4
117,2,2,4
117,2,2,4
118,1,2,2
118,1,2,2
118,1,2,2
118,1,2,2
118,1,2,2
118,1,2,2
118,1,2,2
118,1,2,2
118,1,2,2
118,1,2,2
118,1,2,2
118,1,2,2
118,1,2,2
118,1,2,2
118,1,2,2
118,1,2,2
118,1,2,2
118,1,2,2
118,1,2,2
118,1,2,2
118,1,2,2
118,1,2,2
118,1,2,2
